" But cart has some errors."," But cart has some errors."
" Note: Image size affects the performance of your app."," Note: Image size affects the performance of your app."
"""Description"" is more than %d characters long","""Description"" is more than %d characters long"
"""Title"" is more than %d characters long","""Title"" is more than %d characters long"
"""id"" attribute is required for a ""%s"" field.","""id"" attribute is required for a ""%s"" field."
"""line_count"" attribute is required for ""multiline"" element.","""line_count"" attribute is required for ""multiline"" element."
"""message"" attribute is required for ""%s"" validator rule.","""message"" attribute is required for ""%s"" validator rule."
"%1$s has been added to your wishlist.","%1$s has been added to your wishlist."
"%1$s incl tax.","%1$s incl tax."
"%@ is not correct","%@ is not correct"
"%s API Key required.","%s API Key required."
"%s Application ID required.","%s Application ID required."
"%s Secret Key required.","%s Secret Key required."
"%s attribute is required.","%s attribute is required."
"%s fields is required","%s fields is required"
"%s has been added to your cart.","%s has been added to your cart."
"%s id:","%s id:"
"%s was updated in your shopping cart.","%s was updated in your shopping cart."
"(Includes more countries than those listed below. As the application owner, you are responsible for complying with country-specific laws related to the distribution or sale of your application into that country, including your home country.)","(Includes more countries than those listed below. As the application owner, you are responsible for complying with country-specific laws related to the distribution or sale of your application into that country, including your home country.)"
"* - field is required","* - field is required"
"*Subject to change","*Subject to change"
"1. Please select type of the action:","1. Please select type of the action:"
"10:40 AM","10:40 AM"
"2. Please select a page","2. Please select a page"
"2. Type Category Name","2. Type Category Name"
"2. Type Product Name","2. Type Product Name"
"80px x 80px","80px x 80px"
"80x80 px","80x80 px"
"<a href=""%s"" target=""_blank"">Login</a> to Urban Airship.","<a href=""%s"" target=""_blank"">Login</a> to Urban Airship."
"A Catalog Only App will not support functions such as add to cart, add to wishlist, or login.","A Catalog Only App will not support functions such as add to cart, add to wishlist, or login."
"A new password has been sent.","A new password has been sent."
"About","About"
"Access forbidden","Acceso prohibido"
"Account","Cuenta"
"Account Information","Informacion de la cuenta"
"Account Settings","configuracion de la cuenta"
"Account confirmation is required. Please check your email for the confirmation link.","Es necesario confirmar su cuenta. Por favor verifique en su email el link de confirmacion."
"Account information has been saved.","La informacion de su cuenta ha sido guardada correctamente."
"Action","Action"
"Action type does\'t recognized","Accion desconocida."
"Action type does\'t recognized.","Accion desconocida."
"Action type doesn\'t recognized.","Accion desconocida."
"Activate","Activate"
"Activate PayPal Checkout","Activate PayPal Checkout"
"Activate PayPal MECL","Activate PayPal MECL"
"Activation Key","Activation Key"
"Add","Add"
"Add Action","Add Action"
"Add Address from Contacts","Add Address from Contacts"
"Add App","Add App"
"Add Custom","Add Custom"
"Add New Address","Add New Address"
"Add New Template","Add New Template"
"Add Page","Add Page"
"Add To Wishlist","Add To Wishlist"
"Add a billing address","Add a billing address"
"Add a shipping address","Add a shipping address"
"Add to Cart","Add to Cart"
"Add to Wishlist","Add to Wishlist"
"Adding Product to Cart...","Adding Product to Cart..."
"Adding Product to WishList...","Adding Product to WishList..."
"Additional Address","Additional Address"
"Additional Info","Additional Info"
"Address","Address"
"Address 2","Address 2"
"Address Book","Address Book"
"Address Book Updated","Address Book Updated"
"Address Info","Address Info"
"Address book is empty","Address book is empty"
"Address data not specified.","Address data not specified."
"Address does not belong to this customer.","Address does not belong to this customer."
"Address has been deleted.","Address has been deleted."
"Address has been saved.","Address has been saved."
"Admin Application Settings","Admin Application Settings"
"Admin Mobile Application","Admin Mobile Application"
"Admin application has not been enabled","Admin application has not been enabled"
"Administrative contact for this app and for app submission issues.","Administrative contact for this app and for app submission issues."
"Advanced Settings","Advanced Settings"
"After submitting the App to Magento, please contact <a href=""mailto:%1$s"">%1$s</a> to receive the Application Key, Application Secret and Application Master Secret.","After submitting the App to Magento, please contact <a href=""mailto:%1$s"">%1$s</a> to receive the Application Key, Application Secret and Application Master Secret."
"AirMail Message Queue","AirMail Message Queue"
"AirMail Messages Queue","AirMail Messages Queue"
"AirMail Template Preview","AirMail Template Preview"
"AirMail message","AirMail message"
"AirMail templates","AirMail templates"
"All Allowed Countries","Todos los paises habilitados"
"All Images","Todas las imagenes"
"All locations","Todas las ubicaciones"
"Amount","Cantidad"
"Amount in %@","Amount in %@"
"Amounts","Cantidades"
"An account with this email address already exists.","Ya existe una cuenta con ese email."
"An error occurred while adding item to wishlist.","Ha ocurrido un error mientras agregaba un item a su lista de deseos."
"An error occurred while deleting the address.","Ha ocurrido un error mientras se borraba la direccion."
"An error occurred while loading categories.","Ha ocurrido un error mientras cargaba las categorias."
"An error occurred while loading category filters.","Ha ocurrido un error mientras cargaba los filtros de categorias."
"An error occurred while loading configuration.","Ha ocurrido un error mientras cargaba la configuracion."
"An error occurred while loading localization.","Ha ocurrido un error mientras cargaba la ubicacion."
"An error occurred while loading login form.","Ha ocurrido un error mientras cargaba el formulario de ingreso."
"An error occurred while loading wishlist.","Ha ocurrido un error mientras cargaba su lista de deseos."
"An error occurred while processing your order. Please contact us or try again later.","Ha ocurrido un error mientras procesaba su pedido,. Por favor contactese con nosotros o intente nuevamente mas tarde."
"An error occurred while processing your request.","Ha ocurriod un error mientras prosesaba su pedido."
"An error occurred while removing item from wishlist.","Ha ocurrido un error mientras eliminaba un item de la lista de deseos."
"An error occurred while removing items from wishlist.","Ha ocurrido un error mientras eliminaba items de la lista de deseos."
"Analytics","Analytics"
"Android","Android"
"Android doesn\'t support AirMail message type.","Android doesn\'t support AirMail message type."
"App Background","App Background"
"App Background (landscape mode)","App Background (landscape mode)"
"App Background (landscape mode).","App Background (landscape mode)."
"App Background (portrait mode)","App Background (portrait mode)"
"App Background (portrait mode).","App Background (portrait mode)."
"App Background image missing.","App Background image missing."
"App Code","App Code"
"App Information","App Information"
"App Name","App Name"
"App Stores","App Stores"
"App Submission History","App Submission History"
"App Title","App Title"
"App code","App code"
"App code required.","App code required."
"App does not exist.","App does not exist."
"App has been deleted.","App has been deleted."
"App has been saved.","App has been saved."
"App has been submitted.","App has been submitted."
"App model not loaded.","App model not loaded."
"App with specified code does not exist.","App with specified code does not exist."
"Appears in the info section of your app (example: Copyright 2010 – Your Company, Inc.)","Copyright 2019 – Cabalgando en Argentina"
"Application","Application"
"Application Key","Application Key"
"Application Master Secret","Application Master Secret"
"Application Name","Application Name"
"Application Secret","Application Secret"
"Application doesn\'t exist.","Application doesn\'t exist."
"Apply","Apply"
"Applying Coupon Code","Applying Coupon Code"
"Applying Gift Card %@","Applying Gift Card %@"
"Are you sure you want to cancel a message?","Esta seguro de cancelar el mensaje?"
"Are you sure you want to cancel selected records?","Esta seguro de cancelar los registros seleccionados?"
"Are you sure you want to delete a message?","Esta seguro de eliminar el mensaje?"
"Are you sure you want to delete selected records?","Esta seguro de eliminar los elementos seleccionados?"
"Are you sure you want to delete this theme? This change will affect all applications.","Est seguro de eliminar este temaç?  Este cambio afectara todas las aplicaciones."
"Are you sure you want to do this?","Esta seguro de hacer esto?"
"Are you sure you want to remove this item?","Esta seguro de eliminar este item ?"
"As Low As","As Low As"
"As Low Excl. Tax","As Low Excl. Tax"
"As Low Incl. Tax","As Low Incl. Tax"
"As a Magento customer, Urban Airship is offering you unlimited Push Notifications and Rich Push for $100/year* along with a 60 day free trial.","As a Magento customer, Urban Airship is offering you unlimited Push Notifications and Rich Push for $100/year* along with a 60 day free trial."
"As low as","As low as"
"As low as excl. tax","As low as excl. tax"
"As low as incl. tax","As low as incl. tax"
"At last one application has to be created.","At last one application has to be created."
"At least one option should be selected","At least one option should be selected"
"Authentication complete.","Authentication complete."
"Authentication to %@ did failed...","Authentication to %@ did failed..."
"Average Order Amount","Average Order Amount"
"Average Orders","Average Orders"
"Average Rating","Average Rating"
"Back","Back"
"Back to App Edit","Back to App Edit"
"Background Color","Background Color"
"Balance","Balance"
"Balance Change","Balance Change"
"Balance History","Balance History"
"Banner on Home Screen","Banner on Home Screen"
"Banner on Home Screen (landscape mode)","Banner on Home Screen (landscape mode)"
"Banner on Home Screen (landscape mode) image missing.","Banner on Home Screen (landscape mode) image missing."
"Banner on Home Screen (portrait mode)","Banner on Home Screen (portrait mode)"
"Banner on Home Screen (portrait mode) image missing.","Banner on Home Screen (portrait mode) image missing."
"Banner on Home Screen image missing.","Banner on Home Screen image missing."
"Banners on Home Screen","Banners on Home Screen"
"Best Sellers","Best Sellers"
"Billing","Billing"
"Billing Address","Direccion de facturacion"
"Billing address","Direccion de facturacion"
"Billing address has been set.","La direccion de facturacion ha sido configurada."
"Bundle Products","Bundle Products"
"Buy %1$s for %2$s","Buy %1$s for %2$s"
"Buy %1$s for %2$s (%3$s incl. tax) each","Buy %1$s for %2$s (%3$s incl. tax) each"
"Buy %1$s for %2$s each","Buy %1$s for %2$s each"
"Buy %1$s with %2$s discount each","Buy %1$s with %2$s discount each"
"Buy More & Save","Buy More & Save"
"Buyer country is not allowed by store.","Buyer country is not allowed by store."
"CMS Page","CMS Page"
"CMS Pages haven\'t been found.","CMS Pages haven\'t been found."
"Cache Lifetime (seconds)","Cache Lifetime (seconds)"
"Cache Management","Cache Management"
"Can\'t add item to shopping cart.","Can\'t add item to shopping cart."
"Can\'t apply the coupon code.","Can\'t apply the coupon code."
"Can\'t copy file ""%s"" to ""%s"".","Can\'t copy file ""%s"" to ""%s""."
"Can\'t create wishlist.","Can\'t create wishlist."
"Can\'t delete ""%s"" theme.","Can\'t delete ""%s"" theme."
"Can\'t load XML.","Can\'t load XML."
"Can\'t load admin application settings.","Can\'t load admin application settings."
"Can\'t load application with id ""%s""","Can\'t load application with id ""%s"""
"Can\'t load cart info.","Can\'t load cart info."
"Can\'t load cart.","Can\'t load cart."
"Can\'t load customer form.","Can\'t load customer form."
"Can\'t load default themes.","Can\'t load default themes."
"Can\'t load selected theme. Please check your media folder permissions.","Can\'t load selected theme. Please check your media folder permissions."
"Can\'t load template with id ""%s""","Can\'t load template with id ""%s"""
"Can\'t open submission form.","Can\'t open submission form."
"Can\'t read file ""%s"".","Can\'t read file ""%s""."
"Can\'t remove the item.","Can\'t remove the item."
"Can\'t reset theme.","Can\'t reset theme."
"Can\'t save address.","Can\'t save address."
"Can\'t save the customer.","Can\'t save the customer."
"Can\'t save theme.","Can\'t save theme."
"Can\'t show configuration.","Can\'t show configuration."
"Can\'t specify product.","Can\'t specify product."
"Can\'t submit application.","Can\'t submit application."
"Can\'t update cart.","Can\'t update cart."
"Can\'t write to file ""%s"".","Can\'t write to file ""%s""."
"Cancel","Cancelar"
"Canceled","Cancelado"
"Canceling PayPal ...","Cancelando PayPal ..."
"Cancelled","Cancelado"
"Cannot apply gift card.","Cannot apply gift card."
"Cannot configure product.","No se puede configurar el producto."
"Cannot load theme ""%s"".","No se puede cargar el tema ""%s""."
"Cannot redeem Gift Card.","Cannot redeem Gift Card."
"Cannot remove gift card.","No se puede eliminar su  gift card."
"Cannot save theme ""%s"". Incorrect data received","No se puede grabar el tema ""%s"". Los datos recibidos son incorrectos"
"Cannot update the item.","No se puede actualizar el item."
"Card Verification Number","Numero de verificacion de tarjeta"
"Card verification number is wrong","El numero de verificacion de tarjeta es incorrecto"
"Carrier","Carrier"
"Cart","Cart"
"Cart Updated","Cart Updated"
"Cart has been updated.","Cart has been updated."
"Cart has some errors.","Cart has some errors."
"Cart is empty.","Cart is empty."
"Catalog Only App?","Catalog Only App?"
"Category","Categoria"
"Category Button Color","Category Button Color"
"Category Item Background Color","Category Item Background Color"
"Cc:","Cc:"
"Chairs","Chairs"
"Change Orientation","Cambiar orientacion"
"Change Password","Cambiar contrasena"
"Changes have been saved to theme.","Los cambios han sido grabados en el tema."
"Check","Verificar"
"Check Gift Card","Verificar Gift Card"
"Check Gift Card Promo Redeemed","Check Gift Card Promo Redeemed"
"Checking Gift Card %@","Checking Gift Card %@"
"Checkout","Salir"
"Checkout Page Registration","Salir de la pagina de registracion"
"Checkout as Guest","Salir como invitado"
"Checkout as Guest or Register","Checkout as Guest or Register"
"Checkout has been initialized.","Checkout has been initialized."
"Checkout initialization...","Checkout initialization..."
"Checkout initialized!","Checkout initialized!"
"Choose Store View","Choose Store View"
"Choose amount","Choose amount"
"Choose file","Choose file"
"City","Ciudad"
"Clear","Clear"
"Close","Close"
"Color Themes","Color Themes"
"Colors","Colores"
"Commiting updates...","Actualizando..."
"Company","Compania"
"Completed","Completado"
"Configuration data have been saved","La configurcion ha sido guardada"
"Configure Cart Item","Configure Cart Item"
"Confirm New Password","Confirmar Nueva contraseña"
"Confirm Password","Confirmar contraseña"
"Connecting","Conectando"
"Connection Error\nWe\'re sorry. The app is experiencing connection problems. The app requires a network connection to operate.","Connection Error\nWe\'re sorry. The app is experiencing connection problems. The app requires a network connection to operate."
"Contact Email","Contact Email"
"Contact Information","Contact Information"
"ContactsAreEmpty","ContactsAreEmpty"
"Container is not defined.","Container is not defined."
"Content","Content"
"Continue","Continue"
"Copyright","Copyright"
"Copyright Page Logo","Copyright Page Logo"
"Copyright Page Logo (iPhone 4 retina)","Copyright Page Logo (iPhone 4 retina)"
"Copyright: Magento (c) 2010","Copyright: Magento (c) 2010"
"Countries","Paises"
"Countries Payment Applicable From","Countries Payment Applicable From"
"Country","Pais"
"Country options don\'t recognized for ""%s"".","Opciones de paises no validas para ""%s""."
"Coupon code %s is not valid.","Codigo de cupon %s no es valido."
"Coupon code %s was applied.","Codigo de cupon %s fue aplicado."
"Coupon code is empty.","Codigo de cupon vacio."
"Coupon code was canceled.","Codigo de cupon cancelado."
"Create Account","Crear cuenta"
"Crear una Cuenta","Crear una Cuenta"
"Creating a Template is allowed only for applications which have device type iPhone.","Creating a Template is allowed only for applications which have device type iPhone."
"Credit Card","Tarjeta de credito"
"Credit Card %s","Tarjeta de credito %s"
"Credit Card Number","Numero de tarjeta de credito"
"Credit Card Type","tipo de tarjeta de credito"
"Credit card number does not match credit card type.","El numero de tarjeta de credito no coincide con el tipo de tarjeta de credito."
"Cross Sells","Cross Sells"
"Current Balance: %s","Current Balance: %s"
"Current Password","Current Password"
"Currently, the system does not support the viewing of the order detail.","Actualmente, el sistema no puede mostrar su detalle."
"Custom App Icon","Custom App Icon"
"Custom App Icon (iPhone 4 retina)","Custom App Icon (iPhone 4 retina)"
"Custom Colors","Colores personalizados"
"Custom amount","Custom amount"
"Customer","Cliente"
"Customer Name","Nombre del cliente"
"Customer authentication problem.","Problema en la verificacion del cliente."
"Customer balance available in enterprise version of Magento only.","Customer balance available in enterprise version of Magento only."
"Customer balance is disabled for current store","Customer balance is disabled for current store"
"Customer email not specified.","El email del cliente no ha sido especificado."
"Customer logout problem.","Problemas con la salida del cliente."
"Customer not logged in.","El Cliente no ha ingresado."
"Customers","Clientes"
"DD","DD"
"Date","Fecha"
"Date Created","Fecha creada"
"Date Submitted","Fecha enviada"
"Date Updated","Fecha actualizada"
"Date:","Fecha:"
"Day","Dia"
"Deeper Messaging and Engagement with Rich Push.","Deeper Messaging and Engagement with Rich Push."
"Default Billing Address","Direccion de facturacion predeterminada"
"Default Shipping Address","Direccion de envio predeterminada"
"Default Theme","Tema predeterminado"
"Default themes are missed.","Temas predeterminados perdidos."
"Delete","Borrar"
"Delete Action","Borrar accion"
"Delete theme","Borrar tema"
"Deleted","Borrado"
"Description","Descripcion"
"Description that appears in Android Market. %s chars maximum. ","Descripcion que aparece en Android Market. %s caracteres maximos. "
"Description that appears in the iTunes App Store. %s chars maximum. ","Descripcin que aparece en  iTunes App Store. %s caracteres maximo. "
"Deselect All","Deseleccionar todo"
"Design","Designar"
"Device","Dispositivo"
"Device Information","Informacion de dispositivo"
"Device Type","tipo de dispositivo"
"Device doesn\'t recognized","Dispositivo desconocido"
"Device doesn\'t recognized. Unable to load a template.","Dispositivo desconocido. No es posible cargar la plantilla."
"Device doesn\'t recognized: ""%s"". Unable to load a helper.","Dispositivo desconocido: ""%s"". No es posible cargar el ayudante."
"Device doesn\'t recognized: ""%s"". Unable to load preview model.","Dispositivo desconocido: ""%s"". No es posible cargar la vista previa."
"Device type doesn\'t recognized.","Tipo de dispositivo desconocido."
"Discount code is empty","Codifo de descuento vacio"
"Discount:","Descuento:"
"Done","hecho"
"Downloadable Products Updated","Productos descargables actualizados"
"Downloads limit:","Limite de descargas:"
"E-mail","E-mail"
"Edit","Editar"
"Edit Action","Editar accion"
"Edit Address","Editar direccion"
"Edit AirMail Message","Editar mensaje de correo aereo"
"Edit AirMail Message Queue #%s","Edit AirMail Message Queue #%s"
"Edit App ""%s""","Edit App ""%s"""
"Edit Filter","Editar filtro"
"Edit Image","Editar Imagen"
"Edit Mail List","Editar lista de correo"
"Edit Template ""%s""","Editar plantilla ""%s"""
"Edit filter","Editar filtro"
"Edit note","Edit note"
"Either remote URL or application code was not set. Please make sure you filled all the values and try again.","Either remote URL or application code was not set. Please make sure you filled all the values and try again."
"Element with id %s already exists","Ya existe el elemento con el codigo %s "
"Email","Email"
"Email Address","Correo Electronico"
"Email address you provided is not valid. Please provide a valid one.","El correo electronico provisto no es valido. Por favor indique uno valido."
"Email is not correct","Correo electronico incorrecto"
"Email is not specified","Correo electronico  no indicado"
"Enable Admin Application","Habilitrar Admin Application"
"Enable AirMail Message Push notification","Habilitar mensaje d enotificacion de AirMail"
"Enable Facebook","Habilitar Facebook"
"Enable Flurry Analytics","Habilitare Flurry Analytics"
"Enable Flurry Analytics for the merchant.","Habilitar Flurry Analytics para el conmerciante."
"Enable LinkedIn","Habilitar LinkedIn"
"Enable Standard Checkout","Habilitar salida estandard"
"Enable Twitter","Habilitar Twitter"
"Enter Name","Ingrese nombre"
"Enter discount code first.","Primero ingrese codigo de descuento."
"Enter discount code if any","si existe ingrese codigo de descuento"
"Enter e-mail","Ingrese correo electronico"
"Enter giftcard promo code here","Ingrese aqui el codigo de promocion de giftcard"
"Enter text","Ingrese texto"
"Enter the gift card code","Ingrese el codifo de la tarjeta gift"
"Error","Error"
"Error Loading Configuration Format","Error cargando el formato de configuracion"
"Error during shortening url","Error abreviando url"
"Error message text is missed.","Mensaje de error perdido."
"Error while processing file ""%s"".","Error procesando el archivo ""%s""."
"Error while reading data from Payment Bridge. Please, try again.","Error mientras leia informacion desde el Payment Bridge. Por favor intente nuevamente."
"Error while reading remote data","Error mientras leida informacion remota"
"Error while uploading file ""%s"".","Error mientras cargaba archivo ""%s""."
"Error while uploading file ""%s"". Disallowed file type. Only ""jpg"", ""jpeg"", ""gif"", ""png"" are allowed.","Error mientras cargaba archivo ""%s"". Tipo de archivo incorrecto. Solo ""jpg"", ""jpeg"", ""gif"", ""png"" son permitidos."
"Excl. Tax","Excl. Tax"
"Expiration Date - Month","Fecha de Vencimiento - Mes"
"Expiration Date - Year","Fecha de Vencimiento - Año"
"Expires: %s","Vence: %s"
"Extend the life of your app with Urban Airship Push Notifications.","Extend the life of your app with Urban Airship Push Notifications."
"Extensions","Extensions"
"FILTERS APPLIED","FILTERS APPLIED"
"Facebook","Facebook"
"Facebook API","Facebook API"
"Facebook Application ID","Facebook Application ID"
"Facebook post failed...","Facebook post failed..."
"Fax","Fax"
"File can\'t be uploaded.","Archivo no puede ser subido."
"File doesn\'t exist ""%s"".","Archivo no existe ""%s""."
"Filter","Filter"
"Filters","Filters"
"First Name","Nombre"
"Fixed amounts","Cantidades fijas"
"Flurry API Code","Flurry API Code"
"Flurry Analytics","Flurry Analytics"
"Flurry Analytics Site","Flurry Analytics Site"
"Fonts","Tipografias"
"Forgot Password","Olvido contraseña"
"Forgot Password?","Olvido contraseña?"
"Forgot your password?","Olvido su contraseña?"
"Form","Formulario"
"Free","Gratis"
"From","Desde"
"From Excl. Tax","From Excl. Tax"
"From Incl. Tax","From Incl. Tax"
"From excl. tax","From excl. tax"
"From incl. tax","From incl. tax"
"Full Description","Descripcion completa"
"Funk Leaf","Funk Leaf"
"Gallery","Galeria"
"General","General"
"Generate Offline Catalog","Generar catalogo Offline "
"Get Content from CMS Page","Get Content from CMS Page"
"Gift Card ""%s"" was added.","Gift Card ""%s"" fue agregada."
"Gift Card ""%s"" was redeemed.","Gift Card ""%s"" fue rescatada."
"Gift Card ""%s"" was removed.","Gift Card ""%s"" fue eliminada."
"Gift Card (%s)","Gift Card (%s)"
"Gift Card amount applied to order: %s","monto de Gift Card aplicado a la orden: %s"
"Gift Card code is empty.","Codigo de Gift Card vacio."
"Gift Card: %s","Gift Card: %s"
"Gift card account available in enterprise version of Magento only.","Gift card account available in enterprise version of Magento only."
"Giftcard promo code","Codigo de promo de Giftcard"
"Grand Total","Grand Total"
"Grand Total (Excl. Tax)","Grand Total (Excl. Tax)"
"Grand Total (Incl. Tax)","Grand Total (Incl. Tax)"
"Guest","Guest"
"Header Background Color","Header Background Color"
"Header Font Color","Header Font Color"
"High Resolution Application Icon","High Resolution Application Icon"
"Home","Home"
"Hot Red","Hot Red"
"How do you rate this product?","como califica este producto?"
"How to incorporate Urban Airship within your application:","How to incorporate Urban Airship within your application:"
"I Agree","Estoy de acuerdo"
"I agree to the Terms and Conditions","Estoy de acuerdo con los Terminos y condiciones"
"ID","ID"
"Icon that will appear on the user\'s device after they download your app.","Icon that will appear on the user\'s device after they download your app."
"Icon that will appear on the user\'s device after they download your app. You do not need to apply a gradient or soft edges (this is done automatically by Apple).","Icon that will appear on the user\'s device after they download your app. You do not need to apply a gradient or soft edges (this is done automatically by Apple)."
"Icon that will appear on the user\'s phone after they download your app.  You do not need to apply a gradient or soft edges (this is done automatically by Apple).","Icon that will appear on the user\'s phone after they download your app.  You do not need to apply a gradient or soft edges (this is done automatically by Apple)."
"Icon that will appear on the user\'s phone after they download your app. You do not need to apply a gradient or soft edges (this is done automatically by Apple).","Icon that will appear on the user\'s phone after they download your app. You do not need to apply a gradient or soft edges (this is done automatically by Apple)."
"Icons","Icons"
"If leave this field empty, the message will be sent immediately","Si deja este campo vacio, el mensaje sera enviado inmediatamente"
"If you want to disable the cache on the application side, leave the field empty. Warning! When disabling cache, the application will take time to load each page.","If you want to disable the cache on the application side, leave the field empty. Warning! When disabling cache, the application will take time to load each page."
"Image %s is required.","Imagen %s es requerida."
"Image action has been saved.","Image action has been saved."
"Image does not exist. Please reload this page.","LA imagen no existe. Por favor recargue esta pagina."
"Image file was not found.","Archivo de imagen no encontrado."
"Image has been deleted.","Imagen borrada."
"Image id is required.","Imagen id es requerido."
"Image limits don\'t recognized for ""%s"" image type","Limites de imagen desconocidos para el tipo de imagen  ""%s"" "
"Image that appears on first screen while your app is loading.","Imagen que aparece en la primer pantalla cuando su app es cargada."
"Image type doesn\'t recognized: ""%s"".","Tipo d eimagen desconocido: ""%s""."
"Image type is required.","Tipo de imagen es requerido."
"Images","Images"
"Images order has been updated.","Images order han sido actualizados."
"In Queue","In Queue"
"In Stock","en Stock"
"In addition, click here to review Urban Airship\'s Terms of Service: <a href=""%s"" target=""_blank"">click here</a>.","In addition, click here to review Urban Airship\'s Terms of Service: <a href=""%s"" target=""_blank"">click here</a>."
"In order to resubmit your app, you need to first purchase a <a href=""%s"" target=""_blank"">%s</a> from MagentoCommerce","In order to resubmit your app, you need to first purchase a <a href=""%s"" target=""_blank"">%s</a> from MagentoCommerce"
"In order to submit your app, you need to first purchase a <a href=""%s"" target=""_blank"">%s</a> from MagentoCommerce","In order to submit your app, you need to first purchase a <a href=""%s"" target=""_blank"">%s</a> from MagentoCommerce"
"Inactive Tabs","Inactive Tabs"
"Incl. Tax","Incl. Tax"
"Incl. tax","Incl. tax"
"Initialization PayPal ...","Initialization PayPal ..."
"Initialization of the PayPal checkout failed!","Initialization of the PayPal checkout failed!"
"Invalid XML.","Invalid XML."
"Invalid current password.","Contraseña invalida."
"Invalid customer data.","Informacion de cliente invalida."
"Invalid data.","Dato invalido."
"Invalid email address.","Correo electronico invalido."
"Invalid item or wishlist.","Item o lista de deseos invalidos."
"Invalid login or password.","Ingreso o contraseña invalidos."
"Invalid shipping method.","Metodo de envio invalido."
"Issue Number","Issue Number"
"It\'s not allowed to delete submitted application.","It\'s not allowed to delete submitted application."
"Item","Item"
"Item Options","Opciones de Item"
"Item has been added to cart.","El Item ha sido agregado al carro."
"Item has been deleted from cart.","El item ha sido eliminado del carro."
"Item has been removed from wishlist.","El item ha sido eliminado d ela lista de deseos."
"Items","Items"
"Items were updated. But can\'t update wishlist.","Items actualizados. PEro nose puede actualizar la lista de deseos."
"Keep your image size below %s KB for optimal performance.","Mantega su imagen debajo de %s KB para una mejor optimizacion."
"Key","Key"
"Keywords","Keywords"
"Label","Label"
"Landscape app Background","Landscape app Background"
"Landscape banners on Home Screen","Landscape banners on Home Screen"
"Large iTunes Icon","Large iTunes Icon"
"Large icon that appears in the iTunes App Store. You do not need to apply a gradient or soft edges (this is done automatically by Apple).","Large icon that appears in the iTunes App Store. You do not need to apply a gradient or soft edges (this is done automatically by Apple)."
"Last 5 Orders","Last 5 Orders"
"Last 5 Search Terms","Last 5 Search Terms"
"Last Name","Last Name"
"Last update: %@","Last update: %@"
"Lifetime Sales","Lifetime Sales"
"LindedIn","LindedIn"
"Link:","Link:"
"LinkedIn","LinkedIn"
"LinkedIn API","LinkedIn API"
"LinkedIn API Key","LinkedIn API Key"
"LinkedIn Authorization","LinkedIn Authorization"
"LinkedIn Autorization","LinkedIn Autorization"
"LinkedIn Secret Key","LinkedIn Secret Key"
"Linkedin post failed...","Linkedin post failed..."
"List of downloadable products is empty","List of downloadable products is empty"
"Load more items","Load more items"
"Loader Splash Screen","Loader Splash Screen"
"Loader Splash Screen (iPhone 4 retina)","Loader Splash Screen (iPhone 4 retina)"
"Loader Splash Screen (landscape mode)","Loader Splash Screen (landscape mode)"
"Loader Splash Screen (portrait mode)","Loader Splash Screen (portrait mode)"
"Loading %@...","Loading %@..."
"Loading Account Form...","CArgando formulario de cuenta..."
"Loading Address Book...","Loading Address Book..."
"Loading Address Form...","cambiando formulario de direccion..."
"Loading CMS page ...","Loading CMS page ..."
"Loading Cart...","Loading Cart..."
"Loading Gallery...","Cargando galeria..."
"Loading Login Form...","Cargando formulario de ingreso ..."
"Loading Mis Productos Descargables...","Loading Mis Productos Descargables..."
"Loading Order Details","Cargando detalles de la orden"
"Loading Orders List...","Cargando lista de ordenes..."
"Loading Preview...","Cargando vista previa..."
"Loading Product Options...","Loading Product Options..."
"Loading Products...","Cargando productos..."
"Loading Registration Form...","Cargardo formulario de registro..."
"Loading Restore Password Form...","CArgando formulario de reestablecimiento de contraseña..."
"Loading Store Credit...","Loading Store Credit..."
"Loading WishList...","Loading WishList..."
"Loading Write Review Form...","Loading Write Review Form..."
"Loading category ...","Cargando Categoria ..."
"Loading more items...","Cargando mas items..."
"Loading product ...","Cargando producto ..."
"Loading shipping methods ...","Cargando metodos de envio ..."
"Loading...","Cargando..."
"Locations","Locations"
"Log In","Ingreso"
"Log Out","Salida"
"Log in to Admin Panel","Ingreso al panel Administrativo"
"Log into Account","Ingreso en la cuenta"
"Log into your account","Ingrese en su cuenta"
"Log out Account","Salir de la cuenta"
"LogInMessageTitle","LogInMessageTitle"
"Login and password are required.","Ingreso y contraseña sn necesarios."
"Logo in Header","Logo in Header"
"Logo in Header image missing.","Logo in Header image missing."
"Logout complete.","Salida completada."
"MEP is PayPal\'s native checkout experience for the iPhone. You can choose to use MEP alongside standard checkout, or use it as your only checkout method for Magento mobile. PayPal MEP requires a <a href=""%s"">PayPal business account</a>","MEP is PayPal\'s native checkout experience for the iPhone. You can choose to use MEP alongside standard checkout, or use it as your only checkout method for Magento mobile. PayPal MEP requires a <a href=""%s"">PayPal business account</a>"
"MM","MM"
"Mailbox title","Mailbox title"
"Main Tabs","Main Tabs"
"Make Inactive","Make Inactive"
"Make this app available in the following territories","Make this app available in the following territories"
"Manage Apps","Manage Apps"
"Manage Mobile App","Manage Mobile App"
"Maximum length is 140","La longitud maxima es 140"
"Maximum length is 255","La longitud maxima es 255"
"Maximum size: %s KB.","Tamaño maximo: %s KB."
"Maximum: %.2f","Maximo: %.2f"
"Merchant Label","Etiqueta de comerciante"
"Merge","Merge"
"Message","Message"
"Message Queue","Message Queue"
"Message Settings","Message Settings"
"Message Templates","Message Templates"
"Message Title","Titulo de mensaje"
"Message Type","Tipo de Mensaje"
"Message can be edited when status of the message is ""In Queue"" only.","El mesaje puede ser editado solo cuando su estado es ""In Queue"" ."
"Message content","Contenido del mensaje"
"Message text is missed.","Texto del mensaje perdido."
"Message title","Titulo del mensaje"
"Message too long, please use 140 symbols","Mensaje muy largo por favor use 140 caracteres"
"Message type doesn\'t recognized","Tipo de mensaje desconocido"
"Minimize","Minimize"
"Minimum %@, maximum %@","Minimum %@, maximum %@"
"Minimum: %.2f","Minimum: %.2f"
"Mobile","Mobile"
"Mobile Express Checkout has been canceled.","Mobile Express Checkout has been canceled."
"Mobile Express Checkout processed successfully.","Mobile Express Checkout processed successfully."
"Month","Mes"
"More","Mas"
"More Info","Mas informacion"
"More Tabs","MAs pestañass"
"Most Viewed Products","Productos mas vistos"
"My Account","Mi Cuenta"
"Mis Productos Descargables","Mis Productos Descargables"
"My Orders","Mis Ordenes"
"My Wishlist","Mi Wishlist"
"Name","Nombre"
"Name on Card","Nombre en la tarjeta"
"Name that appears beneath your app when users install it to their device. We recommend choosing a name that is 10-12 characters and that your customers will recognize. %s chars max.","Name that appears beneath your app when users install it to their device. We recommend choosing a name that is 10-12 characters and that your customers will recognize. %s chars max."
"New AirMail Message","New AirMail Message"
"New AirMail Message Queue","New AirMail Message Queue"
"New App","New App"
"New Customers","New Customers"
"New Password","New Password"
"New Template","New Template"
"New to Our Store?","New to Our Store?"
"Nickname","Nickname"
"No","No"
"No Payment Information Required","No Payment Information Required"
"No Ratings","No Ratings"
"No internet connection. Retry later ...","Sin coneccion de internet. Intente luego ..."
"No items were specifed to update.","No se indicaron items para actualizar."
"No items were updated.","Ningun item fue actualizado."
"No product selected.","Ningun producto fue seleccionado."
"No products found. Please retry with other term","No products found. Please retry with other term"
"No shipping method required.","No shipping method required."
"No such file ""%s"".","No existe el archivo ""%s""."
"Not Submitted","No enviado"
"Note: Image size affects the performance of your app.","Nota: El tamaño de las imagenes afectan la performance de su app."
"Notice","Aviso"
"Number of Orders","Numero de ordenes"
"Number of Uses","Number of Uses"
"OK","OK"
"OR, Pay with Standard Checkout","OR, Pay with Standard Checkout"
"Offline Catalog","Catalogo offline"
"Offline cart stored on server","Offline cart stored on server"
"Offline catalog export complete.","Offline catalog export complete."
"Offline catalog export failed.","Offline catalog export failed."
"One or more keywords that describe your app. Keywords are matched to users\' searches in the App Store and help return accurate search results. Separate multiple keywords with commas. 100 chars is maximum.","One or more keywords that describe your app. Keywords are matched to users\' searches in the App Store and help return accurate search results. Separate multiple keywords with commas. 100 chars is maximum."
"Onepage checkout is disabled.","Onepage checkout is disabled."
"Only custom theme can be deleted","Only custom theme can be deleted"
"Only default theme can be reset","Only default theme can be reset"
"Only free apps are allowed in this version.","Only free apps are allowed in this version."
"Only registered users can write reviews. Please, log in or register.","Only registered users can write reviews. Please, log in or register."
"Open","Open"
"Options","Opciones"
"Options menu items","Options menu items"
"Order","Order"
"Order #","Orden #"
"Order #%s - %s","Orden #%s - %s"
"Order Date: %s","Fecha Orden : %s"
"Order Details Updated","Detalles de orden actualizados"
"Order ID","Order ID"
"Order ID:","Order ID:"
"Order Info","Order Info"
"Order List Updated","Lista de ordenes actualizada"
"Order Number","Numero de orden"
"Order Review","Order Review"
"Order canceled","Orden cancelada"
"Order failed","Orden fallada"
"Order id is not specified.","No ha sido especificado el ID de orden."
"Order is not available.","orden no disponible."
"Ordered","Ordenado"
"Ordered Items","Items ordenados"
"Orders","Ordenes"
"Other amount","Ottro monto"
"Out of Stock","fuera de Stock"
"Output format is not specified. Please, specify ""format"" key in constructor, or set it using setFormat().","El formato de salida no esta indicado. Por favor indique ""format"" key en el constructor, o seteelo usando setFormat()."
"Overall Activity","Overall Activity"
"POST data is not valid.","POST data is not valid."
"Pages","Paginas"
"Password","Contraseña"
"Password fields cannot be empty.","los campos de contraseñas no pueden estar vacios."
"Password is not specified","contraseña no indicada"
"Password:","Contraseña:"
"PayPal","PayPal"
"PayPal Checkout","PayPal Checkout"
"PayPal MECL is the mobile version of PayPal\'s Express Checkout service. You can choose to use MECL alongside standard checkout, or use it as your only checkout method for Magento Mobile.","PayPal MECL is the mobile version of PayPal\'s Express Checkout service. You can choose to use MECL alongside standard checkout, or use it as your only checkout method for Magento Mobile."
"PayPal MEP","PayPal MEP"
"PayPal Mobile Embedded Payment (MEP)","PayPal Mobile Embedded Payment (MEP)"
"PayPal Mobile Express Checkout","PayPal Mobile Express Checkout"
"PayPal Mobile Express Checkout Library (MECL)","PayPal Mobile Express Checkout Library (MECL)"
"PayPal Mobile Express Checkout Token does not exist.","PayPal Mobile Express Checkout Token does not exist."
"Payer Email: %s","Correo electronico pagador: %s"
"Payment Applicable From","Payment Applicable From"
"Payment Bridge module unavailable.","Modulo de Payment Bridge no disponible."
"Payment Information","Payment Information"
"Payment Method","Payment Method"
"Payment Method has been set.","Payment Method has been set."
"Payment Methods","Payment Methods"
"Payment method","Payment method"
"Payment method was successfully set.","Payment method was successfully set."
"Paypal MEP doesn\'t support checkout with any discount.","Paypal MEP doesn\'t support checkout with any discount."
"Place Order","Place Order"
"Placing order ...","Placing order ..."
"Please <a href=""%s"" target=""_blank"">click here</a> to see how to setup and retrieve API credentials.","Please <a href=""%s"" target=""_blank"">click here</a> to see how to setup and retrieve API credentials."
"Please Select Application","Por favor seleccione aplicacion"
"Please Select Device Type","Por favor selecciones tipo de dispositivo"
"Please agree to all the terms and conditions before placing the order.","por favor acepte los terminos y condiciones antes de realizar la orden."
"Please create and save an application first.","Por favor primero cree y guarde una aplicacion."
"Please enter ""App Title"".","Please enter ""App Title""."
"Please enter a valid URL. Protocol is required (http://, https:// or ftp://)","Please enter a valid URL. Protocol is required (http://, https:// or ftp://)"
"Please enter a valid date.","Please enter a valid date."
"Please enter a valid email address. For example johndoe@domain.com.","Por favor ingrese un correo electronico valido."
"Please enter at least one email recipient","Por favor ingrese al menos un correo electronico"
"Please enter issue number or start date for switch/solo card type.","Please enter issue number or start date for switch/solo card type."
"Please enter the Activation Key.","Please enter the Activation Key."
"Please enter the Copyright.","Please enter the Copyright."
"Please enter the Description.","por favor ingrese la descripcion."
"Please enter the Price.","por favor ingrese el precio."
"Please enter the Resubmission Key.","Please enter the Resubmission Key."
"Please enter the Title.","Por favor ingrese el titulo."
"Please make sure your passwords match.","Please make sure your passwords match."
"Please save application first.","Please save application first."
"Please select an option.","Por favor seleccione una opcion."
"Please select at least one country.","Por favor seleccione al menos un pais."
"Please select payment method to cover a quote","Please select payment method to cover a quote"
"Please set email","Por favor indique un correo electronico"
"Please specify payment method","Por favor indique un metodo de pago"
"Please specify shipping method","Por favor indique un metodo de envio"
"Please upload  an image for ""App Background (landscape mode)"" field from Design Tab.","Please upload  an image for ""App Background (landscape mode)"" field from Design Tab."
"Please upload  an image for ""App Background (portrait mode)"" field from Design Tab.","Please upload  an image for ""App Background (portrait mode)"" field from Design Tab."
"Please upload  an image for ""App Background"" field from Design Tab.","Please upload  an image for ""App Background"" field from Design Tab."
"Please upload  an image for ""Banner on Home Screen (landscape mode)"" field from Design Tab.","Please upload  an image for ""Banner on Home Screen (landscape mode)"" field from Design Tab."
"Please upload  an image for ""Banner on Home Screen (portrait mode)"" field from Design Tab.","Please upload  an image for ""Banner on Home Screen (portrait mode)"" field from Design Tab."
"Please upload  an image for ""Banner on Home Screen"" field from Design Tab.","Please upload  an image for ""Banner on Home Screen"" field from Design Tab."
"Please upload  an image for ""Logo in Header"" field from Design Tab.","Please upload  an image for ""Logo in Header"" field from Design Tab."
"Please use letters only (a-z or A-Z) in this field.","Por favor use solo letras (a-z or A-Z) en este campo."
"Please use numbers only in this field. Please avoid spaces or other characters such as dots or commas.","Please use numbers only in this field. Please avoid spaces or other characters such as dots or commas."
"Please use only letters (a-z or A-Z) or numbers (0-9) only in this field. No spaces or other characters are allowed.","Please use only letters (a-z or A-Z) or numbers (0-9) only in this field. No spaces or other characters are allowed."
"Please wait...","Por favor espere..."
"Please, specify gift card amount!","Please, specify gift card amount!"
"Portrait app Background","Portrait app Background"
"Portrait banners on Home Screen","Portrait banners on Home Screen"
"Post data is empty.","Post data is empty."
"Post this product to your wall","Post this product to your wall"
"Posting to e-mails","Posting to e-mails"
"Preferred size: %spx x %spx.","Preferred size: %spx x %spx."
"Preset Theme","Preset Theme"
"Preview","Vista previa"
"Price","Precio"
"Price Font Color","Price Font Color"
"Price excluding tax","Price excluding tax"
"Price including tax","Price including tax"
"Primary Color","Primary Color"
"Primary Font Color","Primary Font Color"
"Problem changing or sending password.","Problem changing or sending password."
"Proceed to Checkout","Proceed to Checkout"
"Product","Producto"
"Product Added to Cart","Producto agregado"
"Product Added to Wishlist","Producto agregado a Wishlist"
"Product Gallery Updated","Product Gallery Updated"
"Product Name3 ","Nombre3 Producto"
"Product Name3 1","Nombre3 Producto 1"
"Product Name3 2","Nombre3 Producto 2"
"Product Options Updated","opciones de producto actualizadas"
"Product Removed From Wishlist","Producto eliminado de la Wishlist"
"Product Reviews Updated","Product Reviews Updated"
"Product SKU","Product SKU"
"Product Updated","Producto actualizado"
"Product added","Producto agregado"
"Product is out of stock","Producto sin stock "
"Product is unavailable.","Producto no disponible."
"Product only available on the website.","Producto solo disponible en el website."
"Product succesfully added to cart","Producto agregado al carro exitosamente"
"Product was not specified.","el Producto no fue especificado."
"Product(s) currently out of stock.","Producto(s) actualmente fuera de stock."
"Products","Productos"
"Pull Down To Update..","Pull Down To Update.."
"Purchase Order Number","Purchase Order Number"
"Push Notification","Push Notification"
"Push Notifications allow you to send messages directly to the people who have installed your app on their device. Send messages to your full audience even when your app is closed. Push Notifications are one of the best ways to keep your app active by delivering valuable content directly to your customers. Learn more about Push Notifications - <a href=""%1$s"" target=""_blank"">%1$s</a>","Push Notifications allow you to send messages directly to the people who have installed your app on their device. Send messages to your full audience even when your app is closed. Push Notifications are one of the best ways to keep your app active by delivering valuable content directly to your customers. Learn more about Push Notifications - <a href=""%1$s"" target=""_blank"">%1$s</a>"
"Push Title","Push Title"
"Push message","Push message"
"Push title","Push title"
"Qty","Qty"
"Qty:","Qty:"
"Quantity","Cantidad"
"Quantity:","Cantidad:"
"Queue Date","Queue Date"
"Queue Message","Queue Message"
"Queue does not exist.","Queue does not exist."
"Queue is allowed only for applications with enabled Push Notification.","Queue is allowed only for applications with enabled Push Notification."
"Quote instance is required.","Quote instance is required."
"Quote item is not found.","Quote item is not found."
"Range param doesn\'t recognized","Range param doesn\'t recognized"
"Ratings and Reviews","Ratings and Reviews"
"Read the Terms and Conditions","Read the Terms and Conditions"
"Recent Activity","Recent Activity"
"Recipient Information","Recipient Information"
"Recommended size %spx x %spx.","Recommended size %spx x %spx."
"Recommended size: %spx x %spx at %s dpi.","Tamaño recomendado: %spx x %spx at %s dpi."
"Recommended size: %spx x %spx.","Tamaño recomendado: %spx x %spx."
"Recover","Recover"
"Redeem","Redeem"
"Redeeming Gift Card %@","Redeeming Gift Card %@"
"Redemption functionality is disabled.","Redemption functionality is disabled."
"Refunded","Refunded"
"Regions","Regiones"
"Register","Registar"
"Registering cart ...","Registrando cart ..."
"Registering user ...","Registrando usuario ..."
"Regular","Regular"
"Regular and confirmation passwords must be equal","Clave y confirmacion deben ser iguales"
"Related Product Background Color","Related Product Background Color"
"Release To Update...","Release To Update..."
"Relevance","Relevance"
"Remaining downloads","Remaining downloads"
"Remove","Remove"
"Remove Address...","eliminar direccion..."
"Removing %@...","Eliminando %@..."
"Removing Coupon...","Eliminando Coupon..."
"Removing Gift Card...","Eliminando Gift Card..."
"Removing Product from WishList...","Eliminando producto de la WhishList..."
"Removing Store Credit...","Removing Store Credit..."
"Request param %s is missed","Request param %s is missed"
"Required size: %spx x %spx.","Required size: %spx x %spx."
"Reset theme to default","Reset theme to default"
"Resubmission Key","Resubmission Key"
"Resubmit App","Resubmit App"
"Resubmit App failure. %s","Resubmit App failure. %s"
"Results","Resultados"
"Revenue","Revenue"
"Revert","Revert"
"Revert Discount","Revert Discount"
"Review","Review"
"Rich Push allows you to create and send engaging experiences by adding HTML and other rich media components to your push notifications. Moving beyond alerts and badge updates, Rich Push takes users into the app while displaying content in a customizable WebKit view. Create branded messages that engage your users with new content and information, all without having to update your app. Learn more about Rich Push - <a href=""%1$s"" target=""_blank"">%1$s</a>","Rich Push allows you to create and send engaging experiences by adding HTML and other rich media components to your push notifications. Moving beyond alerts and badge updates, Rich Push takes users into the app while displaying content in a customizable WebKit view. Create branded messages that engage your users with new content and information, all without having to update your app. Learn more about Rich Push - <a href=""%1$s"" target=""_blank"">%1$s</a>"
"SORT BY:","ORDENADO POR:"
"Sample","Ejemplo"
"Samples","Ejemplos"
"Save","Guardar"
"Save As","Guardar como"
"Save Theme","Guardar tema"
"Save and Continue Edit","Guardar  y continuar editando"
"Save and Submit App","Save and Submit App"
"Save in address book","Save in address book"
"Saving Address...","Guardando direccion..."
"Saving changes ...","guardando cambios ..."
"Saving shipping address ...","Guardando direccion de envio ..."
"Saving shipping methods ...","Guardando metodo de envio ..."
"Screen resolution is not supported","Resolucion de pantalla no admitida"
"Screens:","Pantallas:"
"Scroll Background Color","Scroll Background Color"
"Search","Busqueda"
"Search Term","Busqueda Term"
"Search Updated","Busqueda Updated"
"Searching for %@...","Buscando %@..."
"Secondary Color","Color Secundario"
"Secondary Font Color","Color secundario de fuente"
"See all","Ver todo"
"Select %@","Seleccionar %@"
"Select All","Selecionar todo"
"Select Chart","Seleccionar Chart"
"Select Links","Seleccionar Links"
"Select Options","Seleccionar opciones"
"Select Payment Method","Seleccionar metodo de pago"
"Select Range","Seleccionar rango"
"Select a","seleccionar un"
"Select a Billing Address","Seleccionar direccion de facturacion"
"Select a Shipping Address","Seleccionar direccion de envio"
"Select from Address Book","Seleccionar desde libreta de direcciones"
"Select shipping method","Seleccionar metodo de envio"
"Selected product is unavailable.","Producto seleccionado no disponible."
"Send","Enviar"
"Sender Information","Informacion del remitente"
"Sending e-mail failed...","Envio de correo electronico fallido..."
"Set","Configurar"
"Settings","Configuraciones"
"Shake device to reset the filter","Shake device to reset the filter"
"Share","Compartir"
"Share on LinkedIn","Compartir en LinkedIn"
"Share on Twitter","Compartir en Twitter"
"Ship method","metodo de envio"
"Shipped","enviado"
"Shipping","envio"
"Shipping Address","Direccion de envio"
"Shipping Method","Metodo de envio"
"Shipping address","Direccion de envio"
"Shipping address has been set.","La direccion de envio ha sido configurada."
"Shipping method","Metodo de envio"
"Shipping method has been set.","El metodo de envio ha sido configurado."
"Shipping method is required","Indicar metodo de envio"
"Shipping method successfully updated","Metodo de encio actualizado correctamente"
"Shipping to this address is not possible.","No es posible enviar a esa direccion."
"Shop","Compra"
"Shop All","Comprar todo"
"Shop Updated","Compra actualizada"
"Shopping Cart","Shopping Cart"
"Shopping cart is empty.","Shopping cart is empty."
"Show Password","Mostrar clave"
"Sign In","Ingresar"
"Signing In...","Ingresando..."
"Signing Out ...","Saliendo ..."
"Sky Blue","Sky Blue"
"Social Networking","Social Networking"
"Some emails were not sent.","Algunos correos electronicos no fueron enviados."
"Sorry, no quotes are available for this order at this time.","disculpas, no hay productos disponibles para esta orden en este momento."
"Sorry, there are no items in this category.","Disculpas, no hay elementos en esta categoria."
"Special","Especial"
"Special Excl. Tax","Special Excl. Tax"
"Special Incl. Tax","Special Incl. Tax"
"Specific Countries","Paises especificos"
"Specified address does not exist.","La direccion indicada no existe."
"Specified invalid app code.","Specified invalid app code."
"Specified invalid data.","La fecha especificada no es valida."
"Specified item does not exist in wishlist.","El producto indicado no existe en la wishlist."
"Standard Checkout","Standard Checkout"
"Standard Checkout uses the checkout methods provided by Magento. Only inline payment methods are supported. (e.g PayPal Direct,  Authorize.Net, etc.)","Standard Checkout uses the checkout methods provided by Magento. Only inline payment methods are supported. (e.g PayPal Direct,  Authorize.Net, etc.)"
"Start Date","Fecha de inicio"
"Start Date - Month","Fecha de inicio - Mes"
"Start Date - Year","Fecha de inicio - Año"
"Starting At","Starting At"
"Starting At Excl. Tax","Starting At Excl. Tax"
"Starting At Incl. Tax","Starting At Incl. Tax"
"Starting at excl. tax","Starting at excl. tax"
"Starting at incl. tax","Starting at incl. tax"
"State/Province","Estado/Provincia"
"Status","Status"
"Storage of offline cart on server failed. Please retry later","Storage of offline cart on server failed. Please retry later"
"Store Credit Info Updated","Store Credit Info Updated"
"Store Credit payment is not being used in your shopping cart.","Store Credit payment is not being used in your shopping cart."
"Store View","Store View"
"Store credit","Store credit"
"Store logo that is displayed on copyright page of app.","Store logo that is displayed on copyright page of app."
"Store switcher hasn\'t been defined","Store switcher hasn\'t been defined"
"Street Address","Direccion Calle"
"Street Address 2","Direccion Calle"
"Subject:","Subject:"
"Submission","Submission"
"Submission Fields","Submission Fields"
"Submission History","Submission History"
"Submit App","Submit App"
"Submit App ""%s""","Submit App ""%s"""
"Submit App failure. %s","Submit App failure. %s"
"Submit App failure. Invalid activation key provided","Submit App failure. Invalid activation key provided"
"Submit Review","Submit Review"
"Submitted","Submitted"
"Submitting Review...","Submitting Review..."
"Subtotal","Subtotal"
"Subtotal (Excl. Tax)","Subtotal (Excl. Tax)"
"Subtotal (Incl. Tax)","Subtotal (Incl. Tax)"
"Subtotal Excl. Tax","Subtotal Excl. Tax"
"Subtotal Incl. Tax","Subtotal Incl. Tax"
"Subtotal excluding tax","Subtotal excluding tax"
"Subtotal incl. tax:","Subtotal incl. tax:"
"Subtotal including tax","Subtotal including tax"
"Subtotal:","Subtotal:"
"Success","Success"
"Successfully posted to Facebook","Posteado a Facebook correctamente"
"Successfully posted to Linkedin","posteado a Linkedin correctamente"
"Summary of Your Review","Summary of Your Review"
"Swipe a product to reveal more options","Swipe a product to reveal more options"
"T-Shirts","T-Shirts"
"Tabs","Tabs"
"Tax","Tax"
"Telephone","Telefono"
"Tell a Friend","Avisar a un amigo"
"Tell a Friend is disabled.","Avisar a un amigo deshabilitado."
"Tell a Friend link has been sent.","Se ha enviado el link avisando a un amigo."
"Template","Plantilla"
"Template Content","Contenido de plantilla"
"Template Name","Nombre de plantilla"
"Template does not exist.","Plantilla inexistente."
"Template for new AirMail Message does not exist.","No existe la plantilla para un nuevo mensaje AirMail."
"Template has been deleted.","Se ha eliminado la plantilla."
"Terms And Conditions","Terminos y Condiciones"
"Text length does not satisfy specified max text range.","El largo del texto no respeta el rango maximo especificado."
"Text length does not satisfy specified min text range.","El largo del texto no respeta el rango minimo especificado."
"Thank you for registering!","Gracias por registrarse !"
"Thank you for your purchase! ","Gracias por su compra ! "
"The %s field should be filled.","Debe completarse el campo %s ."
"The Mailbox title will be shown in the More Info tab. To understand more about the title, please <a target=""_blank"" href=""http://www.magentocommerce.com/img/product/mobile/helpers/mail_box_title.png"">click here</a>","The Mailbox title will be shown in the More Info tab. To understand more about the title, please <a target=""_blank"" href=""http://www.magentocommerce.com/img/product/mobile/helpers/mail_box_title.png"">click here</a>"
"The application is currently inactive.\nPlease try again later.","The application is currently inactive.\nPlease try again later."
"The cart is empty","El carrito esta vacio"
"The custom amount value should be higher than 0.","El valor deberia ser mayor que  0."
"The custom amount value should not be higher than %s.","El valor no deberia ser mayor que %s."
"The custom amount value should not be lower than %s.","el valor no deberia ser menor que %s."
"The following email(s) are either mistyped or have incorrect format. Check them and try again:\n","The following email(s) are either mistyped or have incorrect format. Check them and try again:\n"
"The icon that appears in the Android Market.","The icon that appears in the Android Market."
"The length of the text in the %s field is too big. Please shorten the text.","el tamaño del texto del campo %s es muy grande. por favor achiquelo."
"The max length of the field ""%@"" is %d!","El maximo tamaño del campo ""%@"" es %d!"
"The minimum password length is 6","El tamaño minimo de la clave es 6 caracteres"
"The server responded with invalid data.","El server respondio con  informacion incorrecta."
"The shortening service returned status code %d indicating a client side error.","The shortening service returned status code %d indicating a client side error."
"The shortening service returned status code %d indicating a server side error.","The shortening service returned status code %d indicating a server side error."
"The store credit payment has been removed from shopping cart.","The store credit payment has been removed from shopping cart."
"The value is too big!","El valor es muuy grande!"
"The value should not be greater than %.2f!","El valor no deberia ser mayor que %.2f!"
"The value should not be less than %.2f!","El valor no deberia ser menor que %.2f!"
"Theme configurations are successfully reset.","Se reconfiguro el tema correctamente."
"Theme has been created.","Se ha creado el tema."
"Theme has been delete.","Se ha eliminado el tema."
"Theme label can\'t be empty","La etiqueta del tema no puede estar vacia"
"Theme label:","Etiqueta del tema:"
"Theme name is not set.","No se ha indicado el nombre del tema."
"There are files that were selected but not uploaded yet. After switching to another tab your selections may be lost. Do you wish to continue ?","There are files that were selected but not uploaded yet. After switching to another tab your selections may be lost. Do you wish to continue ?"
"There are no items here","Aqui no hay elemtos"
"There are no items in your cart","No hay elementos en su carrito"
"There is an error in loading an app\'s configuration","There is an error in loading an app\'s configuration"
"There is an error in retrieving the data. Please try again later","Hay un error. por favor intente mas tarde"
"There is no addresses for this contact","Este contacto no tiene direccion"
"There is no store credit history!","There is no store credit history!"
"There were some problems with the data.","Hubo problemas con la informacion."
"This email address was not found in our records.","No se ha encontrado en nuestros registros ese correo."
"This functionality disabled in offline mode","This functionality disabled in offline mode"
"This is a required field.","Este campo es obligatorio."
"This product has no images.","Este producto no tiene imagenes."
"Title","Titulo"
"Title bar","Title bar"
"To","To"
"To Excl. Tax","To Excl. Tax"
"To Incl. Tax","To Incl. Tax"
"To activate PayPal MEP payment method activate Express checkout first. ","To activate PayPal MEP payment method activate Express checkout first. "
"To excl. tax","To excl. tax"
"To incl. tax","To incl. tax"
"To preview the newly uploaded images, please save your application first.","To preview the newly uploaded images, please save your application first."
"To:","To:"
"Token has not been set.","Token has not been set."
"Too many recipients have been set.  Max amount of recipients is:","Too many recipients have been set.  Max amount of recipients is:"
"Top Search Terms","Top Search Terms"
"Total","Total"
"Total Order Amount","Importe total del pedido"
"Total incl. Tax: %1$s","Total incl. imp: %1$s"
"Total incl. tax","Total incl. imp"
"Totals","Totales"
"Touch and hold a product to delete from shopping cart","Touch and hold a product to delete from shopping cart"
"Touch and hold a product to reveal more options","Touch and hold a product to reveal more options"
"Try Again","Try Again"
"Twitter","Twitter"
"Twitter API","Twitter API"
"Twitter API Key","Twitter API Key"
"Twitter Authorization","Twitter Authorization"
"Twitter Autorization","Twitter Autorization"
"Twitter Secret Key","Twitter Secret Key"
"Twitter post failed...","Twitter post failed..."
"Type","Type"
"Type and data is required","Type and data is required"
"URL","URL"
"Unable to cancel Mobile Express Checkout.","Unable to cancel Mobile Express Checkout."
"Unable to cancel queue.","Unable to cancel queue."
"Unable to collect cart totals.","Unable to collect cart totals."
"Unable to delete queue.","Unable to delete queue."
"Unable to find an app to delete.","Unable to find an app to delete."
"Unable to find template to delete.","Unable to find template to delete."
"Unable to get shipping methods list.","Unable to get shipping methods list."
"Unable to initialize MEP Checkout.","Unable to initialize MEP Checkout."
"Unable to initialize PayPal Mobile Express Checkout.","Unable to initialize PayPal Mobile Express Checkout."
"Unable to initialize express checkout review.","Unable to initialize express checkout review."
"Unable to initialize express checkout shipping method list.","Unable to initialize express checkout shipping method list."
"Unable to initialize return action.","Unable to initialize return action."
"Unable to load addresses.","Unable to load addresses."
"Unable to load application form.","Unable to load application form."
"Unable to load banners.","Unable to load banners."
"Unable to load billing address form.","Unable to load billing address form."
"Unable to load billing address.","Unable to load billing address."
"Unable to load categories.","Unable to load categories."
"Unable to load checkout.","Unable to load checkout."
"Unable to load localization.","Unable to load localization."
"Unable to load order list.","Unable to load order list."
"Unable to load order review.","Unable to load order review."
"Unable to load product gallery.","Unable to load product gallery."
"Unable to load product info.","Unable to load product info."
"Unable to load product options.","Unable to load product options."
"Unable to load product review.","Unable to load product review."
"Unable to load product reviews.","Unable to load product reviews."
"Unable to load review form.","Unable to load review form."
"Unable to load search.","Unable to load search."
"Unable to load shipping address form.","Unable to load shipping address form."
"Unable to place the order.","Unable to place the order."
"Unable to post the review.","Unable to post the review."
"Unable to process preview.","Unable to process preview."
"Unable to render a gift card account.","Unable to render a gift card account."
"Unable to render an order.","Unable to render an order."
"Unable to render downloadable products.","Unable to render downloadable products."
"Unable to render the store credits.","Unable to render the store credits."
"Unable to save app.","Unable to save app."
"Unable to save message.","Unable to save message."
"Unable to save shipping address.","Unable to save shipping address."
"Unable to save shipping method.","Unable to save shipping method."
"Unable to save template.","Unable to save template."
"Unable to start MEP Checkout.","Unable to start MEP Checkout."
"Unable to start Mobile Express Checkout.","Unable to start Mobile Express Checkout."
"Unable to update shipping method.","Unable to update shipping method."
"Undefined","Undefined"
"Unit Price","Unit Price"
"Unit Price:","Unit Price:"
"Unknown Error","Error desconocido"
"Unknown Error.","Error desconocido."
"Unknown Payment Bridge Error","Unknown Payment Bridge Error"
"Unknown error ocured. Please retry later","Unknown error ocured. Please retry later"
"Unsupported character in path: ""%s""","Unsupported character in path: ""%s"""
"Unsupported value type received","Unsupported value type received"
"Update Comment Error","Update Comment Error"
"Update Preview","Actualizar vista previa"
"Updating ...","Actualizando ..."
"Updating Cart...","Actualizando carrito..."
"Upon receiving these credentials, please fill in the corresponding fields.","Upon receiving these credentials, please fill in the corresponding fields."
"Urban Airship Push Notification","Urban Airship Push Notification"
"Use Billing Address","Use la direccion de facturacion"
"Use Store Credit (%s available)","Use Store Credit (%s available)"
"Use as my default billing address","Use as my default billing address"
"Use as my default shipping address","Use as my default shipping address"
"Use billing address for shipping","Use billing address for shipping"
"User Name:","Nombre de usuario:"
"User session is expired","Sesion de usuario vencida"
"Version","Version"
"View Cart","Ver carrito"
"View Details","Ver detalles"
"View Gallery","Ver galeria"
"View Wishlist","Ver Wishlist"
"Warning: All related AirMail messages will be deleted!","Warning: All related AirMail messages will be deleted!"
"Website is offline","el Website esta offline"
"Website is offline.","el Website esta offline."
"WishList Updated","WishList actualizada"
"Wishlist has been cleared.","Se ha limpiado la Wishlist."
"Wishlist has been updated.","Se ha actualizado la Wishlist."
"Wishlist has been updated. But there are accrued some errors while updating some items.","Se ha actualizado la Wishlist. Pero han ocurrido errores durante la actualizacion en algunos items."
"Wishlist is empty.","Wishlist esta vacia."
"Write a Review","Write a Review"
"Write a review","Write a review"
"Wrong Ipad background image orientation has been specified: ""%s"".","Wrong Ipad background image orientation has been specified: ""%s""."
"Wrong PayPal Mobile Express Checkout Token specified.","Wrong PayPal Mobile Express Checkout Token specified."
"Wrong device type.","Incorrecto tipo de dispositivo."
"Wrong email format","Incorrecto formato de correo"
"Wrong or expired Gift Card Code.","Wrong or expired Gift Card Code."
"Wrong theme format.","Incorrecto formato de tema."
"YYYY","YYYY"
"Year","Año"
"Yes","Si"
"You are already logged in.","Estas logueado."
"You are not logged in","No estas logueado"
"You can watch statistics here.","Puedes ver estadisticas aqui."
"You canceled your order. Touch ""Pay with PayPal"" to try again.","You canceled your order. Touch ""Pay with PayPal"" to try again."
"You have entered an incorrect decimal value in the custom amount field. Provide a valid value.","You have entered an incorrect decimal value in the custom amount field. Provide a valid value."
"You have placed no orders.","You have placed no orders."
"You have uncommitted actions. Commit?","You have uncommitted actions. Commit?"
"You may also like","You may also like"
"You must login first","Primero debes loguearte"
"You must read and agree to the Terms and Conditions before placing your order.","You must read and agree to the Terms and Conditions before placing your order."
"You need to enable PayPal Express Checkout first from the Payment configuration before enabling PayPal MECL.","You need to enable PayPal Express Checkout first from the Payment configuration before enabling PayPal MECL."
"You will receive an order confirmation email with details of your order and a link to track its progress.","You will receive an order confirmation email with details of your order and a link to track its progress."
"Your current balance is:","Your current balance is:"
"Your order # is: %s. ","Your order # is: %s. "
"Your order cannot be completed at this time as there is no payment methods available for it.","Your order cannot be completed at this time as there is no payment methods available for it."
"Your order failed. Touch ""Pay with PayPal"" to try again.","Your order failed. Touch ""Pay with PayPal"" to try again."
"Your review has been accepted for moderation.","Your review has been accepted for moderation."
"Your tweet has been sent. Thanks for sharing this product on Twitter","Your tweet has been sent. Thanks for sharing this product on Twitter"
"Zip/Postal Code","Zip/Postal Code"
"\'%s\' exceeds the allowed file size: %d (bytes)","\'%s\' exceeds the allowed file size: %d (bytes)"
"\'%s\' height exceeds allowed value of %d px","\'%s\' height exceeds allowed value of %d px"
"\'%s\' is not a valid file extension. Allowed extensions: %s","\'%s\' is not a valid file extension. Allowed extensions: %s"
"\'%s\' width exceeds allowed value of %d px","\'%s\' width exceeds allowed value of %d px"
"and","y"
"as Guest","como invitado"
"each","cada uno"
"field is required","campo necesario"
"iPad","iPad"
"iPhone","iPhone"
"image_id is required","image_id es necesario"
"not set","not set"
"required","necesario"
"save","grabar"
"ver. %s","ver. %s"
